Product\Feature,base,LoggingBase,LoggingConsoleHandler,LoggingDbLogHandler,LoggingFileHandler,EnvironmentLocking,DiskFullErro,FileHandleCache,CriticalEviction,MemoryBudget,Evictor,RenameOp,TruncateOp,DeleteOp,CleanerDaemon,INCompressor,CPTime,CPBytes,CheckpointerDaemon,Verifier,CheckLeaks,Statistics,IO,ChunkedNIO,NIO,Checksum,Latches,LookAHEADCache,FSync,LoggingCleaner,LoggingEvictor,LoggingRecovery,LoggingSevere,LoggingInfo,LoggingConfig,LoggingFine,LoggingFiner,LoggingFinest,Derivative_LoggingConsoleHandler_LoggingBase,Derivative_LoggingDbLogHandler_LoggingBase,Derivative_LoggingFileHandler_LoggingBase,Derivative_LoggingCleaner_LoggingBase,Derivative_LoggingRecovery_LoggingBase,Derivative_LoggingSevere_LoggingBase,Derivative_LoggingFine_LoggingBase,Derivative_LoggingFiner_LoggingBase,Derivative_LoggingFinest_LoggingBase,Derivative_LoggingSevere_EnvironmentLocking,Derivative_Latches_FileHandleCache,Derivative_Evictor_EvictorDaemon,Derivative_Evictor_CriticalEviction,Derivative_Evictor_MemoryBudget,Derivative_DeleteOp_MemoryBudget,Derivative_Statistics_MemoryBudget,Derivative_Latches_MemoryBudget,Derivative_LookAHEADCache_MemoryBudget,Derivative_LoggingInfo_MemoryBudget,Derivative_DeleteOp_Evictor,Derivative_INCompressor_Evictor,Derivative_Statistics_Evictor,Derivative_Latches_Evictor,Derivative_LoggingEvictor_Evictor,Derivative_Latches_RenameOp,Derivative_DeleteOp_TruncateOp,Derivative_Latches_TruncateOp,Derivative_LoggingFinest_TruncateOp,Derivative_INCompressor_DeleteOp,Derivative_Statistics_DeleteOp,Derivative_Latches_DeleteOp,Derivative_LoggingCleaner_DeleteOp,Derivative_Verifier_INCompressor,Derivative_Statistics_INCompressor,Derivative_Latches_INCompressor,Derivative_LoggingFine_INCompressor,Derivative_CPBytes_CPTime,Derivative_LoggingFinest_CPTime,Derivative_CheckpointerDaemon_CPBytes,Derivative_LoggingFinest_CPBytes,Derivative_Statistics_Verifier,Derivative_Statistics_CheckLeaks,Derivative_Latches_CheckLeaks,Derivative_Latches_Statistics,Derivative_LookAHEADCache_Statistics,Derivative_FSync_Statistics,Derivative_LoggingConfig_Statistics,Derivative_IO_SynchronizedIO,Derivative_NIO_ChunkedNIO,Derivative_FSync_Latches,Derivative_LoggingEvictor_Evictor_LoggingBase,Derivative_Evictor_MemoryBudget_CriticalEviction,Derivative_INCompressor_Evictor_CriticalEviction,Derivative_LookAHEADCache_Evictor_CriticalEviction,Derivative_Statistics_Verifier_DeleteOp,Derivative_Statistics_Verifier_INCompressor,Derivative_Latches_Verifier_INCompressor,Derivative_Latches_Statistics_Verifier,Derivative_LoggingInfo_Statistics_Verifier,Derivative_LoggingEvictor_Evictor_MemoryBudget_LoggingBase,Derivative_LoggingEvictor_Statistics_Evictor_LoggingBase,__TEST_OUTPUT__
model_m_ca4_0001,  T  ,  T  ,  F  ,  T  ,  F  ,  T  ,  T  ,  F  ,  T  ,  T  ,  T  ,  T  ,  F  ,  T  ,  T  ,  T  ,  F  ,  F  ,  F  ,  T  ,  T  ,  T  ,  F  ,  F  ,  T  ,  T  ,  T  ,  F  ,  T  ,  T  ,  T  ,  F  ,  T  ,  T  ,  T  ,  T  ,  T  ,  T  ,  F  ,  T  ,  F  ,  T  ,  F  ,  T  ,  T  ,  T  ,  T  ,  T  ,  F  ,  T  ,  T  ,  T  ,  T  ,  T  ,  T  ,  F  ,  T  ,  T  ,  T  ,  T  ,  T  ,  T  ,  T  ,  F  ,  F  ,  F  ,  T  ,  T  ,  T  ,  T  ,  T  ,  T  ,  T  ,  T  ,  F  ,  F  ,  F  ,  F  ,  T  ,  T  ,  T  ,  T  ,  F  ,  T  ,  T  ,  F  ,  F  ,  T  ,  T  ,  T  ,  T  ,  F  ,  T  ,  T  ,  T  ,  T  ,  T  ,  T  ,  T  ,__FAILED__
model_m_ca4_0002,  T  ,  F  ,  F  ,  F  ,  F  ,  F  ,  F  ,  F  ,  F  ,  F  ,  F  ,  F  ,  F  ,  F  ,  F  ,  F  ,  F  ,  F  ,  T  ,  F  ,  F  ,  F  ,  T  ,  F  ,  F  ,  F  ,  T  ,  F  ,  F  ,  F  ,  F  ,  F  ,  F  ,  F  ,  F  ,  F  ,  F  ,  F  ,  F  ,  F  ,  F  ,  F  ,  F  ,  F  ,  F  ,  F  ,  F  ,  F  ,  F  ,  F  ,  F  ,  F  ,  F  ,  F  ,  F  ,  F  ,  F  ,  F  ,  F  ,  F  ,  F  ,  F  ,  F  ,  F  ,  F  ,  F  ,  F  ,  F  ,  F  ,  F  ,  F  ,  F  ,  F  ,  F  ,  F  ,  F  ,  F  ,  F  ,  F  ,  F  ,  F  ,  F  ,  F  ,  F  ,  F  ,  F  ,  F  ,  F  ,  F  ,  F  ,  F  ,  F  ,  F  ,  F  ,  F  ,  F  ,  F  ,  F  ,  F  ,__PASSED__
model_m_ca4_0003,  T  ,  T  ,  F  ,  F  ,  F  ,  F  ,  T  ,  T  ,  F  ,  F  ,  F  ,  F  ,  F  ,  F  ,  F  ,  F  ,  T  ,  F  ,  F  ,  F  ,  F  ,  T  ,  F  ,  T  ,  F  ,  F  ,  F  ,  F  ,  F  ,  F  ,  F  ,  F  ,  F  ,  T  ,  F  ,  F  ,  F  ,  F  ,  F  ,  F  ,  F  ,  F  ,  F  ,  F  ,  F  ,  F  ,  F  ,  F  ,  F  ,  F  ,  F  ,  F  ,  F  ,  F  ,  F  ,  F  ,  F  ,  F  ,  F  ,  F  ,  F  ,  F  ,  F  ,  F  ,  F  ,  F  ,  F  ,  F  ,  F  ,  F  ,  F  ,  F  ,  F  ,  F  ,  F  ,  F  ,  F  ,  F  ,  F  ,  F  ,  F  ,  F  ,  F  ,  F  ,  F  ,  F  ,  F  ,  F  ,  F  ,  F  ,  F  ,  F  ,  F  ,  F  ,  F  ,  F  ,  F  ,  F  ,  F  ,__FAILED__
model_m_ca4_0004,  T  ,  F  ,  F  ,  F  ,  F  ,  T  ,  F  ,  F  ,  F  ,  F  ,  F  ,  F  ,  F  ,  F  ,  T  ,  F  ,  F  ,  F  ,  F  ,  F  ,  T  ,  T  ,  F  ,  T  ,  F  ,  T  ,  F  ,  F  ,  F  ,  F  ,  F  ,  F  ,  F  ,  F  ,  F  ,  F  ,  F  ,  F  ,  F  ,  F  ,  F  ,  F  ,  F  ,  F  ,  F  ,  F  ,  F  ,  F  ,  F  ,  F  ,  F  ,  F  ,  F  ,  F  ,  F  ,  F  ,  F  ,  F  ,  F  ,  F  ,  F  ,  F  ,  F  ,  F  ,  F  ,  F  ,  F  ,  F  ,  F  ,  F  ,  F  ,  F  ,  F  ,  F  ,  F  ,  F  ,  F  ,  F  ,  F  ,  T  ,  F  ,  F  ,  F  ,  F  ,  F  ,  F  ,  F  ,  F  ,  F  ,  F  ,  F  ,  F  ,  F  ,  F  ,  F  ,  F  ,  F  ,  F  ,  F  ,__FAILED__
model_m_ca4_0005,  T  ,  T  ,  F  ,  F  ,  F  ,  F  ,  F  ,  F  ,  F  ,  F  ,  F  ,  F  ,  F  ,  F  ,  T  ,  F  ,  F  ,  F  ,  F  ,  F  ,  F  ,  F  ,  F  ,  T  ,  F  ,  T  ,  F  ,  F  ,  T  ,  F  ,  T  ,  F  ,  F  ,  T  ,  T  ,  F  ,  F  ,  F  ,  F  ,  F  ,  F  ,  F  ,  F  ,  F  ,  F  ,  F  ,  F  ,  F  ,  F  ,  F  ,  F  ,  F  ,  F  ,  F  ,  F  ,  F  ,  F  ,  F  ,  F  ,  F  ,  F  ,  F  ,  F  ,  F  ,  F  ,  F  ,  F  ,  F  ,  F  ,  F  ,  F  ,  F  ,  F  ,  F  ,  F  ,  F  ,  F  ,  F  ,  F  ,  F  ,  F  ,  F  ,  F  ,  F  ,  F  ,  F  ,  F  ,  F  ,  F  ,  F  ,  F  ,  F  ,  F  ,  F  ,  F  ,  F  ,  F  ,  F  ,  F  ,__PASSED__
model_m_ca4_0006,  T  ,  T  ,  T  ,  T  ,  T  ,  T  ,  F  ,  T  ,  F  ,  T  ,  T  ,  T  ,  F  ,  F  ,  T  ,  F  ,  F  ,  F  ,  F  ,  F  ,  T  ,  F  ,  F  ,  T  ,  F  ,  T  ,  T  ,  T  ,  T  ,  T  ,  T  ,  T  ,  T  ,  F  ,  F  ,  F  ,  T  ,  F  ,  T  ,  T  ,  T  ,  T  ,  T  ,  T  ,  F  ,  T  ,  F  ,  T  ,  T  ,  T  ,  F  ,  T  ,  F  ,  F  ,  T  ,  T  ,  F  ,  F  ,  F  ,  F  ,  T  ,  T  ,  T  ,  F  ,  F  ,  F  ,  F  ,  F  ,  F  ,  F  ,  F  ,  F  ,  F  ,  F  ,  F  ,  F  ,  F  ,  F  ,  F  ,  F  ,  T  ,  F  ,  F  ,  F  ,  F  ,  F  ,  F  ,  T  ,  T  ,  F  ,  F  ,  F  ,  F  ,  F  ,  F  ,  F  ,  F  ,  T  ,  F  ,__FAILED__
model_m_ca4_0007,  T  ,  T  ,  T  ,  F  ,  F  ,  T  ,  T  ,  T  ,  F  ,  F  ,  F  ,  F  ,  F  ,  F  ,  F  ,  T  ,  T  ,  T  ,  T  ,  T  ,  F  ,  T  ,  F  ,  T  ,  F  ,  F  ,  F  ,  F  ,  T  ,  F  ,  F  ,  T  ,  T  ,  T  ,  F  ,  T  ,  F  ,  F  ,  T  ,  F  ,  F  ,  F  ,  T  ,  T  ,  T  ,  F  ,  F  ,  T  ,  F  ,  F  ,  F  ,  F  ,  F  ,  F  ,  F  ,  F  ,  F  ,  F  ,  F  ,  F  ,  F  ,  F  ,  F  ,  F  ,  F  ,  F  ,  F  ,  F  ,  F  ,  F  ,  T  ,  T  ,  F  ,  T  ,  T  ,  F  ,  T  ,  F  ,  T  ,  F  ,  F  ,  F  ,  F  ,  T  ,  F  ,  F  ,  F  ,  F  ,  F  ,  F  ,  F  ,  F  ,  F  ,  T  ,  F  ,  F  ,  T  ,  F  ,  F  ,__FAILED__
model_m_ca4_0008,  T  ,  T  ,  T  ,  T  ,  T  ,  F  ,  T  ,  F  ,  T  ,  T  ,  T  ,  T  ,  T  ,  T  ,  F  ,  T  ,  T  ,  T  ,  T  ,  T  ,  F  ,  F  ,  T  ,  F  ,  F  ,  F  ,  T  ,  T  ,  F  ,  T  ,  F  ,  F  ,  T  ,  T  ,  T  ,  T  ,  T  ,  T  ,  T  ,  T  ,  T  ,  T  ,  F  ,  T  ,  T  ,  T  ,  T  ,  F  ,  F  ,  T  ,  T  ,  T  ,  T  ,  F  ,  T  ,  T  ,  T  ,  T  ,  T  ,  F  ,  T  ,  F  ,  T  ,  T  ,  T  ,  T  ,  T  ,  F  ,  T  ,  T  ,  T  ,  F  ,  T  ,  T  ,  T  ,  T  ,  T  ,  T  ,  F  ,  F  ,  F  ,  F  ,  F  ,  F  ,  F  ,  T  ,  F  ,  F  ,  F  ,  T  ,  T  ,  T  ,  F  ,  F  ,  T  ,  F  ,  F  ,  F  ,  F  ,__FAILED__
model_m_ca4_0009,  T  ,  T  ,  F  ,  F  ,  F  ,  F  ,  T  ,  T  ,  F  ,  T  ,  T  ,  F  ,  T  ,  T  ,  F  ,  T  ,  F  ,  F  ,  F  ,  T  ,  F  ,  T  ,  F  ,  T  ,  F  ,  T  ,  T  ,  F  ,  T  ,  T  ,  T  ,  T  ,  F  ,  T  ,  T  ,  F  ,  F  ,  T  ,  F  ,  F  ,  F  ,  T  ,  T  ,  F  ,  F  ,  F  ,  T  ,  F  ,  T  ,  T  ,  F  ,  T  ,  T  ,  T  ,  T  ,  F  ,  T  ,  T  ,  T  ,  T  ,  T  ,  T  ,  F  ,  T  ,  T  ,  T  ,  T  ,  T  ,  T  ,  T  ,  T  ,  T  ,  T  ,  F  ,  F  ,  F  ,  F  ,  F  ,  T  ,  F  ,  F  ,  T  ,  F  ,  T  ,  T  ,  F  ,  F  ,  T  ,  T  ,  F  ,  F  ,  F  ,  T  ,  T  ,  T  ,  T  ,  T  ,  T  ,  T  ,__PASSED__
model_m_ca4_0010,  T  ,  T  ,  T  ,  T  ,  T  ,  T  ,  F  ,  T  ,  T  ,  T  ,  T  ,  F  ,  T  ,  T  ,  T  ,  T  ,  T  ,  T  ,  T  ,  T  ,  T  ,  T  ,  T  ,  F  ,  F  ,  F  ,  T  ,  T  ,  F  ,  F  ,  T  ,  T  ,  T  ,  T  ,  T  ,  T  ,  T  ,  T  ,  T  ,  T  ,  T  ,  F  ,  T  ,  T  ,  T  ,  T  ,  T  ,  T  ,  T  ,  T  ,  T  ,  T  ,  T  ,  T  ,  T  ,  T  ,  T  ,  T  ,  T  ,  T  ,  T  ,  T  ,  F  ,  T  ,  T  ,  T  ,  T  ,  T  ,  T  ,  F  ,  T  ,  T  ,  T  ,  T  ,  T  ,  T  ,  T  ,  T  ,  T  ,  T  ,  T  ,  T  ,  T  ,  F  ,  T  ,  T  ,  F  ,  F  ,  T  ,  T  ,  T  ,  T  ,  T  ,  T  ,  T  ,  T  ,  T  ,  T  ,  T  ,__FAILED__
model_m_ca4_0011,  T  ,  F  ,  F  ,  F  ,  F  ,  F  ,  T  ,  T  ,  F  ,  F  ,  F  ,  T  ,  F  ,  F  ,  F  ,  T  ,  T  ,  T  ,  T  ,  T  ,  T  ,  T  ,  F  ,  F  ,  T  ,  F  ,  T  ,  F  ,  T  ,  F  ,  F  ,  F  ,  F  ,  F  ,  F  ,  F  ,  F  ,  F  ,  F  ,  F  ,  F  ,  F  ,  F  ,  F  ,  F  ,  F  ,  F  ,  F  ,  T  ,  F  ,  F  ,  F  ,  F  ,  F  ,  F  ,  F  ,  F  ,  F  ,  F  ,  F  ,  F  ,  F  ,  T  ,  F  ,  F  ,  F  ,  F  ,  F  ,  F  ,  F  ,  T  ,  T  ,  T  ,  F  ,  T  ,  F  ,  T  ,  F  ,  T  ,  T  ,  T  ,  T  ,  F  ,  T  ,  F  ,  F  ,  F  ,  T  ,  F  ,  F  ,  F  ,  F  ,  F  ,  T  ,  T  ,  T  ,  F  ,  F  ,  F  ,__PASSED__
model_m_ca4_0012,  T  ,  T  ,  F  ,  F  ,  F  ,  T  ,  T  ,  T  ,  F  ,  F  ,  F  ,  T  ,  F  ,  F  ,  T  ,  T  ,  F  ,  F  ,  F  ,  F  ,  T  ,  F  ,  F  ,  F  ,  T  ,  F  ,  F  ,  F  ,  T  ,  F  ,  F  ,  F  ,  F  ,  T  ,  T  ,  F  ,  F  ,  F  ,  F  ,  F  ,  F  ,  F  ,  F  ,  F  ,  F  ,  F  ,  F  ,  F  ,  F  ,  F  ,  F  ,  F  ,  F  ,  F  ,  F  ,  F  ,  F  ,  F  ,  F  ,  F  ,  F  ,  F  ,  F  ,  F  ,  F  ,  F  ,  F  ,  F  ,  F  ,  F  ,  F  ,  F  ,  F  ,  F  ,  F  ,  F  ,  F  ,  F  ,  F  ,  F  ,  F  ,  F  ,  F  ,  F  ,  F  ,  F  ,  F  ,  F  ,  F  ,  F  ,  F  ,  F  ,  F  ,  F  ,  F  ,  F  ,  F  ,  F  ,  F  ,__FAILED__
model_m_ca4_0013,  T  ,  T  ,  F  ,  T  ,  T  ,  F  ,  F  ,  F  ,  T  ,  T  ,  T  ,  F  ,  T  ,  T  ,  F  ,  T  ,  T  ,  F  ,  F  ,  F  ,  F  ,  T  ,  F  ,  F  ,  T  ,  T  ,  T  ,  T  ,  F  ,  T  ,  T  ,  T  ,  T  ,  F  ,  F  ,  F  ,  F  ,  T  ,  F  ,  T  ,  T  ,  T  ,  T  ,  T  ,  F  ,  F  ,  T  ,  F  ,  F  ,  T  ,  T  ,  T  ,  T  ,  T  ,  T  ,  T  ,  F  ,  T  ,  T  ,  T  ,  T  ,  T  ,  F  ,  T  ,  T  ,  T  ,  T  ,  T  ,  T  ,  T  ,  F  ,  T  ,  T  ,  F  ,  F  ,  T  ,  F  ,  F  ,  F  ,  F  ,  F  ,  T  ,  T  ,  F  ,  F  ,  F  ,  F  ,  F  ,  T  ,  T  ,  T  ,  T  ,  F  ,  F  ,  F  ,  F  ,  F  ,  T  ,  T  ,__FAILED__
model_m_ca4_0014,  T  ,  T  ,  T  ,  T  ,  T  ,  F  ,  T  ,  T  ,  F  ,  F  ,  F  ,  T  ,  F  ,  F  ,  T  ,  F  ,  T  ,  T  ,  T  ,  F  ,  T  ,  T  ,  T  ,  F  ,  F  ,  T  ,  F  ,  F  ,  T  ,  T  ,  F  ,  T  ,  F  ,  T  ,  T  ,  F  ,  T  ,  T  ,  T  ,  T  ,  T  ,  T  ,  T  ,  F  ,  F  ,  T  ,  T  ,  F  ,  F  ,  F  ,  F  ,  F  ,  F  ,  F  ,  F  ,  F  ,  F  ,  F  ,  F  ,  F  ,  F  ,  F  ,  F  ,  F  ,  F  ,  F  ,  F  ,  F  ,  F  ,  F  ,  F  ,  F  ,  F  ,  F  ,  T  ,  T  ,  T  ,  T  ,  F  ,  T  ,  F  ,  F  ,  F  ,  T  ,  T  ,  T  ,  F  ,  F  ,  F  ,  F  ,  F  ,  F  ,  F  ,  F  ,  F  ,  F  ,  F  ,  F  ,  F  ,__FAILED__
model_m_ca4_0015,  T  ,  T  ,  T  ,  T  ,  F  ,  T  ,  T  ,  F  ,  F  ,  T  ,  T  ,  F  ,  F  ,  F  ,  F  ,  F  ,  T  ,  T  ,  T  ,  F  ,  F  ,  T  ,  F  ,  F  ,  T  ,  F  ,  T  ,  T  ,  F  ,  F  ,  T  ,  T  ,  F  ,  T  ,  F  ,  T  ,  F  ,  T  ,  T  ,  T  ,  F  ,  F  ,  T  ,  F  ,  T  ,  F  ,  T  ,  F  ,  F  ,  T  ,  F  ,  T  ,  F  ,  T  ,  T  ,  T  ,  T  ,  F  ,  F  ,  T  ,  T  ,  T  ,  F  ,  F  ,  F  ,  F  ,  F  ,  F  ,  F  ,  F  ,  F  ,  F  ,  F  ,  F  ,  T  ,  T  ,  T  ,  T  ,  F  ,  F  ,  F  ,  T  ,  T  ,  F  ,  F  ,  F  ,  F  ,  F  ,  T  ,  F  ,  F  ,  F  ,  F  ,  F  ,  F  ,  F  ,  F  ,  T  ,  T  ,__PASSED__
model_m_ca4_0016,  T  ,  F  ,  F  ,  F  ,  F  ,  F  ,  T  ,  F  ,  T  ,  T  ,  T  ,  T  ,  T  ,  T  ,  F  ,  T  ,  F  ,  F  ,  F  ,  T  ,  T  ,  T  ,  T  ,  F  ,  F  ,  T  ,  T  ,  T  ,  T  ,  F  ,  F  ,  F  ,  F  ,  F  ,  F  ,  F  ,  F  ,  F  ,  F  ,  F  ,  F  ,  F  ,  F  ,  F  ,  F  ,  F  ,  F  ,  F  ,  F  ,  T  ,  T  ,  T  ,  T  ,  T  ,  T  ,  T  ,  F  ,  T  ,  T  ,  T  ,  T  ,  F  ,  T  ,  T  ,  T  ,  F  ,  T  ,  T  ,  T  ,  F  ,  T  ,  T  ,  T  ,  F  ,  F  ,  F  ,  F  ,  F  ,  T  ,  T  ,  T  ,  T  ,  T  ,  T  ,  F  ,  T  ,  F  ,  T  ,  F  ,  T  ,  T  ,  T  ,  T  ,  T  ,  T  ,  T  ,  F  ,  F  ,  F  ,__PASSED__
model_m_ca4_0017,  T  ,  T  ,  F  ,  F  ,  F  ,  F  ,  F  ,  T  ,  T  ,  T  ,  T  ,  F  ,  F  ,  F  ,  F  ,  T  ,  T  ,  T  ,  F  ,  F  ,  F  ,  T  ,  F  ,  T  ,  F  ,  F  ,  T  ,  T  ,  T  ,  F  ,  T  ,  F  ,  F  ,  F  ,  T  ,  T  ,  F  ,  T  ,  F  ,  F  ,  F  ,  F  ,  F  ,  F  ,  T  ,  F  ,  T  ,  F  ,  T  ,  T  ,  T  ,  T  ,  F  ,  T  ,  T  ,  T  ,  F  ,  F  ,  T  ,  T  ,  T  ,  T  ,  F  ,  F  ,  F  ,  F  ,  F  ,  F  ,  F  ,  F  ,  F  ,  T  ,  T  ,  T  ,  T  ,  T  ,  F  ,  T  ,  F  ,  F  ,  F  ,  T  ,  T  ,  T  ,  T  ,  F  ,  F  ,  T  ,  T  ,  T  ,  T  ,  T  ,  F  ,  F  ,  F  ,  F  ,  F  ,  T  ,  T  ,__PASSED__
